kode_kecamatan_bps,nama_kecamatan_bps,rata_direct,rata_EBLUP,rata_RRMSE
3501010,Donorojo,706688.9272,1060860.1374488943,0.0006636527278885247
3501020,Punung,940941.709325,874932.2912176902,0.0008361898074664425
3501030,Pringkuku,726456.7872875,1093088.6742914633,0.0003401543007975906
3501040,Pacitan,1351962.50425,1428880.6088870682,0.00017817456219208154
3501050,Kebonagung,819119.6268875,1104960.4366565703,0.0002868628289750133
3501060,Arjosari,647948.96985,1043793.6097781286,0.0003035052642118899
3501070,Nawangan,647772.97555,1090469.4929828197,0.000300639548126173
3501080,Bandar,731887.706425,965512.0443526783,0.0003195038582224038
3501090,Tegalombo,665764.1452875,624973.7474531088,0.000671478946286704
3501100,Tulakan,995538.3899125,761685.4893677379,0.001022228590113611
3501110,Ngadirojo,762511.3432625,735284.9937705029,0.0006621311317546487
3501120,Sudimoro,837177.9443125,629835.4324099928,0.00030996599065770115
3502010,Ngrayun,776722.6004625,1004640.8955519068,0.00024036928332402005
3502020,Slahung,1014199.2558375,1299264.499870333,0.00023484092421836592
3502030,Bungkal,847667.82595,1252936.4618670067,0.00019312191771048433
3502040,Sambit,872199.5341375,1529546.4272078287,0.00015509744503327757
3502050,Sawoo,805740.3803000001,573183.5968085587,0.0006553253315480204
3502060,Sooko,767716.682325,781361.8232395903,6.125124797654532e-05
3502061,Pudak,742301.4928,742301.4927999966,5.393598475104172e-11
3502070,Pulung,972362.228225,879090.1782862486,0.0002488553958911154
3502080,Mlarak,1076673.0148125,480484.91239370103,0.0006268077648460589
3502090,Siman,1278962.8653875,837587.6706706169,0.00028717495807343397
3502100,Jetis,1027445.7389250001,979268.0506390107,7.09563700473127e-05
3502110,Balong,1082387.4939125,983570.6740073606,0.00030509652638510036
3502120,Kauman,1025889.51,1340297.0582580715,0.0003337533392998889
3502130,Jambon,882430.3306625,871517.4290198543,0.0008780135248816326
3502140,Badegan,780989.0361375001,943152.5011776105,0.0008003434983207694
3502150,Sampung,897716.6463125,896005.0805267895,0.0003973425168448162
3502160,Sukorejo,971656.460475,1216707.1131573576,0.0002227862669540757
3502170,Ponorogo,1325900.90675,1714159.910927056,0.00016150678670165684
3502180,Babadan,1557776.127875,1305763.3190538122,0.0002039904489027417
3502190,Jenangan,1170682.6679875,652774.0043100698,0.0004288060120571636
3502200,Ngebel,959488.884725,838708.2759233605,0.00024341532276216614
3503010,Panggul,652980.76985,1346740.4105989856,0.00011682002024019745
3503020,Munjungan,952337.4598874999,1235120.9984022863,0.00023694777724678204
3503030,Watulimo,1102777.6624750001,1396967.585561759,0.0003410983359654963
3503040,Kampak,907994.2479874999,1010556.35790916,0.0004659832032700646
3503050,Dongko,709179.596875,1137682.3019084646,0.00029646250084224945
3503060,Pule,761749.6580375,1018527.217197155,0.00025689061463387615
3503070,Karangan,1050506.802,1013325.4996590774,0.00018790588038726825
3503071,Suruh,802825.516525,966101.6977790662,0.00036546472319550145
3503080,Gandusari,1041783.074275,1185581.4523068347,0.00022438955952915556
3503090,Durenan,1000920.5504749999,988382.8426592967,0.0005633146834331999
3503100,Pogalan,832670.719225,1064803.2688457977,0.00045105714078842355
3503110,Trenggalek,1224274.634375,1979246.5206936705,0.00014871986874488236
3503120,Tugu,930662.45115,818825.7213981866,0.00047709455468323766
3503130,Bendungan,807482.9528874999,873861.591426718,0.0005321532663437285
3504010,Besuki,1317555.285375,962359.8108818699,0.00046721332867770665
3504020,Bandung,1544842.917,1558790.5231523302,0.00018372873479117962
3504030,Pakel,901584.558675,1549141.1969578234,0.00020416790578817678
3504040,Campur Darat,972735.998825,896989.3469260172,0.00035242995849303486
3504050,Tanggung Gunung,1032374.5503875001,555125.4575804265,0.0007098274339853907
3504060,Kalidawir,851964.347625,1055880.9901472798,0.00022620086194258824
3504070,Pucang Laban,884061.272875,1004228.2300287483,0.00018017090745469014
3504080,Rejotangan,993768.3756625,895545.1516953286,0.0002848282656218584
3504090,Ngunut,1032077.7666125001,1041516.3836316399,0.00018330229705017443
3504100,Sumbergempol,1155501.366625,844993.0540640935,0.00036920117339406673
3504110,Boyolangu,1116302.9763,886383.617769208,0.0002559088247876501
3504120,Tulungagung,1449098.887625,1347674.8673949677,0.000185973137610991
3504130,Kedungwaru,1315595.091025,789388.5506729928,0.0003749972621246885
3504140,Ngantru,1416063.2102125,632769.5779608875,0.0004284820886546933
3504150,Karangrejo,1094645.810625,855253.888208524,0.0002771102426180246
3504160,Kauman,1056760.9445,1048279.7908747059,0.0002387125794719648
3504170,Gondang,850481.192425,882898.547604816,0.00027322241160657385
3504180,Pager Wojo,996470.9421250001,705627.9201322532,0.0003117160443031002
3504190,Sendang,906118.6603875,585987.4990917827,0.0008538170005691553
3505010,Bakung,826669.4423875001,613289.1709644541,0.001048021155043315
3505020,Wonotirto,777333.8221625,560961.5433622663,0.0016893416694993763
3505030,Panggungrejo,889365.064725,864552.8341721203,0.002698856993839222
3505040,Wates,1141538.9909875002,952520.5432654559,0.00015915574812713453
3505050,Binangun,952491.70725,1149059.4634561613,0.0003170079281198375
3505060,Sutojayan,941608.0463875,1146456.8200970883,0.00027826759631559603
3505070,Kademangan,998923.1489,935156.7044621333,0.0002828487802757521
3505080,Kanigoro,1104531.442125,1103231.345196367,0.00017699340678764964
3505090,Talun,904947.7140125,1145661.3898678005,0.0001359989199806407
3505100,Selopuro,886253.1799625,910902.8048607314,6.421189976354267e-05
3505110,Kesamben,878674.59275,871186.6664595047,0.0001854956685283025
3505120,Selorejo,1262122.1614375,846624.1730891826,0.0001441448779141945
3505130,Doko,951020.38275,992241.5267170584,0.00038006879926187295
3505140,Wlingi,1160395.23985,1074852.6205592179,0.0004680203924539539
3505150,Gandusari,1305197.1164,1565849.1027476392,0.00023225036994689103
3505160,Garum,1112265.7235625,1670255.688909166,0.00016451465055324907
3505170,Nglegok,917287.9035625,1614356.5985048257,0.00020806120139818442
3505180,Sanankulon,1070108.6471250001,1008879.7074117485,0.000365123890008869
3505190,Ponggok,929061.8725375,1567280.4223911222,0.00017414704204570962
3505200,Srengat,1036109.4898375,738584.7827975538,0.0003917964969760192
3505210,Wonodadi,1097547.2890875,807804.9993119889,0.0004172549804554131
3505220,Udanawu,1059436.584575,542495.1048343516,0.000980086108985807
3506010,Mojo,895183.4627125,985644.7547468191,0.0002201201274715061
3506020,Semen,1058099.9729625,1184943.7181535065,0.00016681595447702355
3506030,Ngadiluwih,927465.96305,1244893.7017336665,0.00014870954107834935
3506040,Kras,948511.2482,1163546.447147813,0.0003141297965041593
3506050,Ringinrejo,1052849.6651125,1489187.1081165043,0.0003629753941736561
3506060,Kandat,826522.4845125,1484428.0620093509,0.00016672507496295623
3506070,Wates,1027571.9801625,2239354.6753419586,0.00010338777702619575
3506080,Ngancar,1190817.316125,765793.6427251257,0.0007781398598553579
3506090,Plosoklaten,1022376.6605,1366871.9447812063,0.00020384693739574088
3506100,Gurah,1071249.31115,762967.4951565262,0.0004208679562128036
3506110,Puncu,992324.5105125,1070015.5585560794,0.0004143582965049957
3506120,Kepung,785033.0058375,2223509.26554804,0.00013701298267793603
3506130,Kandangan,1002054.1220875,1757624.4748023245,0.0001492740655710694
3506140,Pare,1164627.2462125001,2056815.2063106322,9.542981887464201e-05
3506141,Badas,1115370.4460875,1523996.3929506147,0.00021194646137323692
3506150,Kunjang,940855.4597125,980733.2458559169,0.00024948114523717474
3506160,Plemahan,805683.7123625,1078382.0930823185,0.00019907054211950906
3506170,Purwoasri,1050783.6144,1046587.7720070302,0.00034705934824822164
3506180,Papar,1045873.2022249999,1436986.8238069841,0.00013634629826436283
3506190,Pagu,1055612.5277375,1186653.1975840107,4.245155100310819e-05
3506191,Kayen Kidul,1093517.2970625,1247972.406551811,9.897664704305657e-05
3506200,Gampengrejo,1071760.9872,1059233.5682444077,3.6914240595579076e-05
3506201,Ngasem,1133284.3254375,1676874.9991480494,0.00014325261970924726
3506210,Banyakan,834181.0210875,900463.8293654554,0.00029794373040199426
3506220,Grogol,770849.446025,993618.7657416658,0.00026035367832038744
3506230,Tarokan,807585.8651875,818279.1200561933,0.00021876625414153872
3507010,Donomulyo,1099456.4059625,1058146.4585801743,0.00016501281731131305
3507030,Pagak,994247.3265,739753.1287213961,0.00017256688571227574
3507040,Bantur,755386.4263500001,647931.3600374195,0.00036890090385923547
3507050,Gedangan,699799.9492625,842821.18485516,0.0003799460080414854
3507060,Sumbermanjing Wetan,888171.1711625,1889846.1761880405,0.00022668000263998463
3507070,Dampit,868770.8312125,1787090.4920548238,0.0001719910411016165
3507080,Tirtoyudo,957647.5615000001,1117847.509988131,0.0002686790504644438
3507090,Ampelgading,748096.484925,887433.5127504296,0.00018509641322413827
3507100,Poncokusumo,736127.2106125,1822327.8356025466,0.00017914713997379392
3507110,Wajak,876151.6783875,1179120.8391118164,0.000297662308366593
3507120,Turen,1069323.2986375,2196493.446139262,0.00021177235181343675
3507130,Bululawang,1029653.648325,1237242.281312209,0.0002869091180602237
3507140,Gondanglegi,769089.3718875,979396.6533971274,0.0005643977745828385
3507150,Pagelaran,769383.3212,1155863.5050444505,0.00036034276624006276
3507160,Kepanjen,1345183.43625,2385543.888390143,9.615549774697293e-05
3507170,Sumberpucung,1041638.7462875,1599023.650614342,0.00017702605852218883
3507180,Kromengan,1561272.0116,1070261.315204442,0.00029650984722967284
3507190,Ngajum,1261150.1173375,668207.2905348996,0.0005415205969747534
3507200,Wonosari,984762.0554124999,910880.5876762494,0.0005911159652455559
3507210,Wagir,1184959.963225,1479839.551353201,0.00018873954534890186
3507220,Pakisaji,1218326.81645,1443316.8458925835,0.00019978380743065232
3507230,Tajinan,820652.8259125,510452.72399055166,0.0002911158957541639
3507240,Tumpang,1007941.3906,1411471.4154013363,0.0001411987355904753
3507250,Pakis,1189513.9306,2711725.4215805903,0.00011230883270072842
3507260,Jabung,1108281.380775,1785018.199450264,0.00020220864742744857
3507270,Lawang,1039463.2142375,1544883.6860601024,0.0001687915610319636
3507280,Singosari,1381704.35275,2420809.638512735,9.97218062675516e-05
3507290,Karangploso,1299115.38595,2485950.6871707253,0.00011253799851162178
3507300,Dau,2654642.852875,3368891.580843511,6.894468015975585e-05
3507310,Pujon,1006529.9516500001,2265912.2159129106,0.00010796273824611292
3507320,Ngantang,1244053.2780875,1486468.3655690476,6.424228431905442e-05
3507330,Kasembon,986158.57295,1048461.755753368,0.00010178626531254497
3508010,Tempursari,1121135.734625,797190.4659227843,0.00017727952158998043
3508020,Pronojiwo,803731.6732875,1045008.2938108058,0.0003490612566296844
3508030,Candipuro,732051.8221625,1104478.2666744762,0.0002836450552358886
3508040,Pasirian,841198.203825,1934625.622480377,0.0004118979529066977
3508050,Tempeh,1117461.9563375,1828559.7722024154,0.0006714425576837326
3508060,Lumajang,2233934.5717875,1845961.0932595953,0.0009710836917876926
3508061,Sumbersuko,922930.4560125,925360.6613158354,0.0001361467039905964
3508070,Tekung,941398.8006125,494580.7459774038,0.0006813967256830966
3508080,Kunir,774099.5742875,737435.1763004268,0.00033932764440058335
3508090,Yosowilangun,894006.539175,1885618.0231007498,0.00012075812148966613
3508100,Rowokangkung,1026588.432625,1153719.9346989088,0.0006108004464975164
3508110,Jatiroto,967559.2453125,393114.86457927595,0.0006398116072673239
3508120,Randuagung,850746.895075,23306.13052330099,0.004693699587072129
3508130,Sukodono,940283.7521875,1352089.4500919995,0.0001597202211102641
3508140,Padang,922793.6507625,1049905.1058765028,0.0006415130454682197
3508150,Pasrujambe,911644.3547375,1292974.163295674,0.0002828445618856847
3508160,Senduro,1175790.2723375,1532062.6947054225,0.0002136439392871536
3508170,Gucialit,900409.0911625,491990.3495125271,0.0010902205130836839
3508180,Kedungjajang,1117112.1902,211871.00123724487,0.0018183653065149941
3508190,Klakah,1111990.9862125,754580.085180125,0.00045947599944042873
3508200,Ranuyoso,1384271.82305,841414.3303584217,0.000325275898459528
3509010,Kencong,864418.0951375,1149764.982657832,0.00026509399768534806
3509020,Gumukmas,904926.4923375,1107013.0773217937,0.00020686258154684094
3509030,Puger,890106.5468625,1496965.8684073994,0.00015994287208404695
3509040,Wuluhan,1201278.2776125001,1083879.0001764656,0.0002747289292034394
3509050,Ambulu,895050.44915,1222151.4321217532,0.0002165428903619734
3509060,Tempurejo,973644.13825,944425.2017025887,0.00024345057288967307
3509070,Silo,854377.0760375,1240204.4632049398,0.00023374097603151496
3509080,Mayang,740180.1434,453587.1172713792,0.0004904609293581663
3509090,Mumbulsari,863588.331125,838156.5725860479,0.00046512620838460157
3509100,Jenggawah,914326.1806750001,680413.4432752501,0.00039498156806747314
3509110,Ajung,836281.1527125,1111842.946209785,0.00023470829112863997
3509120,Rambipuji,1028046.8951625,1438236.204970257,0.0001438265205069181
3509130,Balung,937202.235825,1110158.881087389,0.0002017143256430724
3509140,Umbulsari,844846.3224,1066197.5794139793,0.00017292667395184773
3509150,Semboro,835167.0817875001,293380.1794430282,0.0013043082531106762
3509160,Jombang,941015.71175,802614.2083682889,0.00016139936217743545
3509170,Sumberbaru,754032.7961375,757169.2836491367,0.00023173981959802333
3509180,Tanggul,772747.9696125,457671.6046196603,0.00042882605839361735
3509190,Bangsalsari,819598.0033,809655.9470943854,0.00043638298089970865
3509200,Panti,758057.91465,856912.4384848844,0.0002094902034632076
3509210,Sukorambi,709447.2611,680760.8003199685,8.20245988449884e-05
3509220,Arjasa,825558.635575,742384.133557495,0.00011483898692410781
3509230,Pakusari,878135.2949750001,905591.2854152299,0.0002056794355502103
3509240,Kalisat,611536.4763875,1033969.9286746273,0.0005311056885509821
3509250,Ledokombo,1021122.721325,1260767.5851247502,0.000422569740944546
3509260,Sumberjambe,900405.5022625,988645.8980178026,0.0002937650232764198
3509270,Sukowono,834516.05825,1006232.1675602322,0.00014785113932570172
3509280,Jelbuk,812735.9226625001,532355.1966386295,0.00026169459847912594
3509710,Kaliwates,1677723.989375,2442612.7715532156,9.338022506050532e-05
3509720,Sumbersari,1411603.1086625,3193564.933385857,0.00010413125206015759
3509730,Patrang,1446757.1034125001,1252969.4699457295,0.00024336776851715522
3510010,Pesanggaran,1377753.6949625001,1844576.9882220656,0.0001480304500093986
3510011,Siliragung,1282390.2636,1441004.5455344145,0.0002309501363625275
3510020,Bangorejo,1143681.0692375,1697747.825323499,0.00024269532759664474
3510030,Purwoharjo,1423098.744625,1147603.9512707898,0.00037692708400528064
3510040,Tegaldlimo,1194513.683,1363832.7620930276,0.00023436553173862413
3510050,Muncar,1123900.4662625,2024609.7526569422,0.00015790892289627243
3510060,Cluring,1407557.506625,1149064.0280262306,0.0001715471227266128
3510070,Gambiran,1084854.48335,1128300.718756679,0.00021607003141576084
3510071,Tegalsari,1055256.3966625,1263662.1537939224,0.00027967179567416496
3510080,Glenmore,1015996.409525,1400475.3112009014,0.0002805271522298981
3510090,Kalibaru,903934.8146875,1774020.1382051064,0.00018504959964543098
3510100,Genteng,1345988.7585375,2147097.026571701,0.0001356788759908143
3510110,Srono,1120105.0092,1200806.3751098448,0.0002869483133079888
3510120,Rogojampi,1226925.9308,1392645.7014812476,0.00020923480607038306
3510121,Blimbingsari,1075412.7547375,1228634.3594383034,0.0002451459662419095
3510130,Kabat,1238859.0502375,1490162.6150460793,0.00023117086510296696
3510140,Singojuruh,1061729.3724874998,1487367.3908097174,0.00023501229363891838
3510150,Sempu,1223870.861625,1440732.1925628006,0.00014776779955361256
3510160,Songgon,1052846.753525,845729.5633414155,0.0002660865654419633
3510170,Glagah,1392160.6113749999,917522.8981018064,0.00026237963702753004
3510171,Licin,1107520.2370125,1136493.8389904494,7.907784720925126e-05
3510180,Banyuwangi,1606129.490375,2067298.1321600631,6.868073030269562e-05
3510190,Giri,1359959.09445,1243071.9900996122,9.893141312276659e-05
3510200,Kalipuro,1224224.856875,1206458.9772456302,0.00016205311745168854
3510210,Wongsorejo,1097527.478475,949742.7936989567,0.0007464002850090186
3511010,Maesan,892541.9366375001,830180.4260981842,0.00025328316597132244
3511020,Grujugan,798421.3482625,407998.2659979396,0.0007865109806511845
3511030,Tamanan,684905.9986375,704859.699790353,0.00029605572755629704
3511031,Jambesari Darus Sholah,870834.582375,662225.2281556269,0.0002756888758481814
3511040,Pujer,879426.939475,826447.1615790229,0.00018101497042547168
3511050,Tlogosari,859254.9489875,752403.870122016,0.0002987549979578641
3511060,Sukosari,822373.8631375,609247.1032398067,0.00020352983524014556
3511061,Sumber Wringin,737072.63595,743013.4945249946,0.0007493575587747115
3511070,Tapen,1057050.60075,384898.5696490095,0.0029262895310618996
3511080,Wonosari,895247.5862375001,217062.02979902047,0.004693297748022159
3511090,Tenggarang,987274.6752625,586832.7476470046,0.010434543969603754
3511100,Bondowoso,1587445.3739,1298205.3636803422,8.831043845515809e-05
3511110,Curah Dami,813951.64215,874277.2831669166,0.0001963963880198461
3511111,Binakal,872125.4819,602885.0100106668,0.0002290281056746595
3511120,Pakem,815673.9361375,662889.2742726598,0.00026090646830733994
3511130,Wringin,715424.7091,676452.2261641356,0.00035949879545120255
3511140,Tegalampel,790314.37265,904275.8220060477,0.00027210829222783526
3511141,Taman Krocok,858778.6917125001,1053375.7953307368,7.250311640732979e-05
3511150,Klabang,930812.0212625,902066.4232413332,0.00014271948924559003
3511151,Ijen,1209390.9465125,1042944.1324627465,0.00013760571144637345
3511152,Botolinggo,802208.65735,639966.3916713025,0.0005392650159249871
3511160,Prajekan,942637.63895,630767.6597469,0.0003014576758779233
3511170,Cermee,885260.1828874999,998559.497478825,0.00035846398970930854
3512010,Sumbermalang,564335.128075,1397305.55010707,0.00018655988669942644
3512020,Jatibanteng,556065.4098375,1345721.3510687044,0.00020833178102984583
3512030,Banyuglugur,788472.55505,1255510.4719590994,0.00023782700988288317
3512040,Besuki,916099.8016125,1282831.4991815658,0.00026260399461836177
3512050,Suboh,931856.2272000001,627827.3299727985,0.0005136636706132786
3512060,Mlandingan,807879.0402375,608652.5458723139,0.00044752260097405145
3512070,Bungatan,782682.4021625,569196.7954835865,0.001730313347282584
3512080,Kendit,684154.42035,791072.1075488342,0.0004634111033245368
3512090,Panarukan,1262643.842525,1018095.4066370383,0.00031936822951506743
3512100,Situbondo,991524.080525,981603.5322192555,0.000299027114754968
3512110,Mangaran,837567.3527625,1327773.4291121515,0.00025965785007083387
3512120,Panji,1007586.2238,1800513.4622565373,0.00023575810623696842
3512130,Kapongan,914248.30955,1202224.8836371482,0.00023341426374892712
3512140,Arjasa,961619.39015,964379.1587015342,0.0002614428655956482
3512150,Jangkar,870561.3766375,677926.546133192,0.00036534641230645065
3512160,Asembagus,1082758.0307500002,912904.6737582048,0.00030898978139273005
3512170,Banyuputih,973631.7014625,609860.4894236921,0.0004604580509322158
3513010,Sukapura,1463786.5416,1150002.362859543,0.00017930300708688112
3513020,Sumber,1249384.0600875001,1763814.6612514919,0.00017443950467727293
3513030,Kuripan,723021.3779249999,693551.5902271906,0.00025921536788425483
3513040,Bantaran,701597.7400625,985790.0206133917,0.00031276162688077374
3513050,Leces,691895.1596125,1063179.7319068203,0.00023812493862508067
3513060,Tegalsiwalan,985699.4234125,875675.9170608763,0.00028386103804424874
3513070,Banyuanyar,784830.540675,1007825.7345446361,0.0003514472032301888
3513080,Tiris,636004.4036,1056309.7287429082,0.0003635072324230501
3513090,Krucil,713291.858925,1294898.6623292102,0.00023559446698108438
3513100,Gading,729338.16435,980175.4539420707,0.0002910127178860837
3513110,Pakuniran,1148939.658275,996755.1917535692,0.00022159120176974448
3513120,Kotaanyar,879217.6488,660275.7853226122,0.00031369452516313406
3513130,Paiton,1072518.257825,1391115.1718925256,0.0002436100083607999
3513140,Besuk,860037.7549125,1151851.79324933,0.00028003509259466917
3513150,Kraksaan,1130545.7623625,1361892.0817340538,0.0002641387618022815
3513160,Krejengan,760584.4585124999,781156.9362322963,0.00042505535735549906
3513170,Pajarakan,1021321.32505,1482587.8146554634,0.0001660870635992284
3513180,Maron,830461.0178375,1312209.566174889,0.00016498376974634994
3513190,Gending,1197992.0179125,904899.3310070583,0.0003843349230221872
3513200,Dringu,1006652.7761,919010.7789691851,0.000314243459908112
3513210,Wonomerto,864042.5318125,785357.445590253,0.00043650578628673864
3513220,Lumbang,1149703.7553875,765009.8803393545,0.0002929434909763156
3513230,Tongas,733041.018825,638769.3235524003,0.0006990506794281299
3513240,Sumberasih,1074779.8596625,791456.1799315175,0.000495910763009766
3514010,Purwodadi,828151.6713125,1399298.465157528,0.00024545326001067274
3514020,Tutur,1001584.8025375,1006908.419234226,0.0002584350388606529
3514030,Puspo,844587.3568625001,870013.1370527145,0.00019671924046871654
3514040,Tosari,1049573.656975,1175468.262385489,0.0001435061237951769
3514050,Lumbang,840710.0277750001,881303.9403219277,0.00023011046823457622
3514060,Pasrepan,975337.7800375001,697407.4285132856,0.00040449963048078846
3514070,Kejayan,1017015.0478875,718859.0897488127,0.0005701374501523976
3514080,Wonorejo,732263.6223875,827124.164748308,0.00045969222657881776
3514090,Purwosari,1068579.6530875,1073002.6184411847,0.0003521695938521676
3514100,Prigen,1250607.1403375,1095165.397907593,0.0002478966267044048
3514110,Sukorejo,1272567.758125,1086368.7992073363,0.00030919364913086075
3514120,Pandaan,1327500.99025,2096415.7939047716,9.023148744974878e-05
3514130,Gempol,1255243.452125,2097430.5073603424,7.514563245621248e-05
3514140,Beji,1166023.995325,1345871.2302985277,0.00022847143305453798
3514150,Bangil,1446565.685,1085040.0206615566,0.000295815790895167
3514160,Rembang,832322.8175375,773463.8613351237,0.00036528780699062916
3514170,Kraton,920400.916575,1023821.1280854291,0.00022499235738365785
3514180,Pohjentrek,888431.352625,1240567.0003273312,0.00026767748882208293
3514190,Gondang Wetan,1053961.1727125,925256.8525202427,0.0005105063107065694
3514200,Rejoso,1222912.360175,930189.9118742996,0.0003205827496425369
3514210,Winongan,924851.3922625,945028.101420383,0.00030224911287366044
3514220,Grati,1033649.555525,1175972.8400678684,0.00022733289598236202
3514230,Lekok,930967.263825,1079267.2884750122,0.00021407641878576144
3514240,Nguling,878922.2261625,974482.0565656731,0.00022071165643113995
3515010,Tarik,1160420.1424625,1194035.381483632,0.0002873582385948036
3515020,Prambon,1329217.3871374999,1437264.5774432458,0.00031086868050919306
3515030,Krembung,1293197.604625,1795582.0671675361,0.0002389987075287142
3515040,Porong,1378819.97765,2343332.781016519,0.00010252806046923886
3515050,Jabon,1871316.448125,2151966.1715661664,0.0001083856083890378
3515060,Tanggulangin,1207383.896875,1564502.8495582736,0.0015432900317976798
3515070,Candi,2133888.246875,1916699.6515100608,0.00014214684534853407
3515080,Tulangan,1501884.074875,1529367.0526468651,0.00025994771621136437
3515090,Wonoayu,1411475.34125,1721968.0026368778,0.0002475911547345495
3515100,Sukodono,1904463.6443750001,1729037.1108146394,0.00011654729343850889
3515110,Sidoarjo,1919632.4012499999,2852117.654130046,7.90082573661365e-05
3515120,Buduran,1946646.929125,1772353.628630117,0.00016458130552448366
3515130,Sedati,1875152.29675,1426478.420988193,0.00018299219769532665
3515140,Waru,2035462.0906250002,2892226.7524587177,8.36688365572788e-05
3515150,Gedangan,2228259.32175,1626619.3475570413,0.00016034119993330596
3515160,Taman,1746704.73825,2415055.6102959877,0.00016028119477246556
3515170,Krian,1774533.080625,1637513.7668527802,0.0002564488315316484
3515180,Balong Bendo,1044567.1116125,1027640.5624470495,0.0002310943978083865
3516010,Jatirejo,850400.3651,550669.4775511124,0.0003845472483708583
3516020,Gondang,1363283.2540875,837836.2628428413,0.004500537080043757
3516030,Pacet,1172260.4874375002,1538694.2419947367,0.0001772593840012783
3516040,Trawas,1249345.5875,1247782.124141721,0.00017746861215581458
3516050,Ngoro,1602115.204125,1729262.9618949976,0.00017737599234001915
3516060,Pungging,1287008.7235,1541136.509361254,0.0002075610918809349
3516070,Kutorejo,1162135.97325,1299795.3369994059,0.00025509693055999946
3516080,Mojosari,1313768.2565875,1281109.4140456284,0.00027591648242436637
3516090,Bangsal,1236369.5947375,1355163.1689422228,0.0002497354319591491
3516091,Mojoanyar,1323638.881,1417058.6413953179,0.00026227769962140096
3516100,Dlanggu,1349995.7773624999,1389723.3924574677,0.00024071336821002794
3516110,Puri,1040665.3000125,1498422.3213873385,0.0002089480587385873
3516120,Trowulan,964789.3989,1371635.4957886916,0.00024184934630554227
3516130,Sooko,1447999.8169,1067426.3088244493,0.00028165754568966727
3516140,Gedek,1063703.0798875,1422604.37935584,0.00020892313995543433
3516150,Kemlagi,1126835.2907874999,1279211.5788535965,0.0001855342765750277
3516160,Jetis,1440094.8887125,2016062.518017773,0.00012593630040418587
3516170,Dawar Blandong,1278960.753125,576352.0655017003,0.0010542163403061456
3517010,Bandar Kedung Mulyo,977828.3366125,1169867.120716307,0.00018512099048075383
3517020,Perak,1223138.563825,865645.8510564414,0.00026349280883748954
3517030,Gudo,1204878.8464125,731940.3227380012,0.0003590701676529575
3517040,Diwek,1099736.6509375,764706.4617900234,0.000583625757877886
3517050,Ngoro,946701.0885625,1305984.802901335,0.0003068253474809558
3517060,Mojowarno,1005809.0131625,988350.3042182054,0.0002562507544723868
3517070,Bareng,1003534.03755,796418.8112791765,0.0005283256930772162
3517080,Wonosalam,1057686.2635125,1015138.9552651136,0.0003721887670028905
3517090,Mojoagung,904583.5884125,1341230.336532647,0.00030537402021968977
3517100,Sumobito,1099828.2618624999,1313744.885824076,0.00027631215732351833
3517110,Jogo Roto,977452.184125,1138294.9207909473,0.00030372782826276957
3517120,Peterongan,1075307.1614375,1140932.8942068245,0.0002963372504987021
3517130,Jombang,1416802.8501249999,1642282.162333381,0.00016896685388279807
3517140,Megaluh,913834.9811125001,598749.0937669349,0.0006270136111065316
3517150,Tembelang,1062860.2941125,1312589.0160915332,0.00023365396723564009
3517160,Kesamben,925796.4168125,1399936.3341805069,0.00021879435196865625
3517170,Kudu,1030421.4450000001,1161011.6930157167,0.0001586008963029987
3517171,Ngusikan,1159914.135325,1119100.497423361,1.8742953475001567e-05
3517180,Ploso,1110867.3455625,1443485.241949721,0.00012374543519747986
3517190,Kabuh,994520.410525,1535136.9176862647,0.00024263037506263432
3517200,Plandaan,866058.751975,1228059.9508769633,0.00024817791242810446
3518010,Sawahan,814043.5051875,1742277.4276785818,0.00013399159184823687
3518020,Ngetos,820559.882075,1277024.954486972,0.00020006362894356062
3518030,Berbek,872209.7532125,753242.1340002936,0.0003551029496746255
3518040,Loceret,993875.9986375,1512510.4222795654,0.00018382943054811234
3518050,Pace,931035.66115,1162724.3500746859,0.00027443479757233657
3518060,Tanjunganom,1158315.338225,1999314.1656746939,0.00013468229826690896
3518070,Prambon,937751.5066,1538587.0320234522,0.00020944345266766523
3518080,Ngronggot,899028.079325,1806199.8797977786,0.0001671436841142205
3518090,Kertosono,1425052.2447125,1857696.4716564384,0.00019360586874214063
3518100,Patianrowo,862572.4976125,1719766.4207479495,0.0002079543959172371
3518110,Baron,1030439.3901875,1230683.181380575,0.00037019531787587826
3518120,Gondang,1115505.412825,1382644.742328467,0.00033902747008496617
3518130,Sukomoro,1065201.2866875,1028556.1776768037,0.000340560291421659
3518140,Nganjuk,1139827.5556875,1284901.0061900634,0.0002711901446940798
3518150,Bagor,1075078.138975,855051.4858935651,0.00037734357899089406
3518160,Wilangan,898069.833775,722683.5949612545,0.0001327729673766603
3518170,Rejoso,1035893.942275,1249780.3492391033,0.00012356876930472995
3518190,Lengkong,878857.9174500001,1015284.3549088202,9.44060694075393e-05
3518200,Jatikalen,808555.0298,660107.0507080385,0.00030671410787467933
3519010,Kebonsari,1000022.4952125,1157064.9294921458,0.0003624845854945426
3519020,Geger,1129207.4011875,1427578.1996743968,0.0003417111192861042
3519030,Dolopo,976890.4801624999,1308097.259205841,0.00021109876643242065
3519040,Dagangan,865563.400025,1339320.1043819727,0.00016184229937161494
3519050,Wungu,977174.6076,1345810.245460058,0.00020989119634752532
3519060,Kare,872750.1377874999,1113924.1378476573,0.0003129837855957914
3519070,Gemarang,798292.9264625,854428.7991606947,0.00041901487433460395
3519080,Saradan,948366.9652,1202699.577729315,0.00039219673316863196
3519090,Pilangkenceng,916914.293875,1231642.4476690795,0.00037000984352399737
3519100,Mejayan,1170901.1101624998,1212098.6102833096,0.0002963422308158007
3519110,Wonoasri,1084049.9171375,1171342.6490403195,5.620993385594734e-05
3519120,Balerejo,1013960.1736875,1340494.5749406365,0.0009174592077259313
3519130,Madiun,1187341.72865,1165445.9741797578,0.0012463687999370674
3519140,Sawahan,1104775.490375,1189859.8155884114,0.000297324394365817
3519150,Jiwan,1131343.8239625,1296639.0379453935,0.0002749458031963556
3520010,Poncol,768290.7910750001,974771.3864755742,0.0002863711182051691
3520020,Parang,817678.1083875,855830.8922116582,0.00035213289743047125
3520030,Lembeyan,975934.8951,894026.8089867728,0.0003089180481412399
3520040,Takeran,923638.5427375,1157903.3028523205,0.0002513427241486455
3520041,Nguntoronadi,1209734.80345,1220668.5214531037,0.00019777354745310075
3520050,Kawedanan,1030436.513525,1106850.9019956898,0.00027239458773543494
3520060,Magetan,1670489.350625,1559592.2828231966,0.00022987275582352532
3520061,Ngariboyo,903100.231625,1856758.3694409956,0.0002461217974094883
3520070,Plaosan,1090498.3943125,1925655.0505921778,0.000198624363061175
3520071,Sidorejo,1033164.4320624999,1321548.2204756849,0.0002139335218227802
3520080,Panekan,970756.002225,1590762.8529332215,0.00017423961317411096
3520090,Sukomoro,1081536.8741875,1212290.5112362471,0.0002755575113357286
3520100,Bendo,1084802.071875,1302832.152017961,0.000234809899080764
3520110,Maospati,1313674.816525,1182237.034066827,0.00019274836864580357
3520120,Karangrejo,1022267.4020374999,1054635.1063494622,0.00015138958098019333
3520121,Karas,1109560.5538375,950542.9793326446,0.00023711898913736506
3520130,Barat,1320770.496975,1059813.9573739062,0.00017869148261354854
3520131,Kartoharjo,1165291.235975,952348.0194851896,0.00019132038156451995
3521010,Sine,829943.5800375,1138801.9957959815,0.0001599335916925124
3521020,Ngrambe,989047.8341625,959578.8261327009,0.00024593718730453543
3521030,Jogorogo,754348.2907875,1187615.674076247,0.00041100877638178366
3521040,Kendal,903640.3343625,1289952.7800086539,0.00034115664660384643
3521050,Geneng,1085493.4649,1734839.2347038821,0.0001268756701729362
3521051,Gerih,946748.9474124999,1388390.0655874563,0.00016532525237987936
3521060,Kwadungan,945608.2691,434804.27366804436,0.0005851968637673991
3521070,Pangkur,894913.2592375,406939.9327988251,0.0006442899175867465
3521080,Karangjati,794380.6577125,616644.3410832732,0.0003683469134573302
3521090,Bringin,1056553.859125,901477.8524780982,0.003487800692894935
3521100,Padas,984572.3688875,735129.683923925,0.004000448405383338
3521101,Kasreman,1008984.8119,825777.6501885687,0.0004996991912202519
3521110,Ngawi,1017653.388025,2011578.570770006,0.00010383485082057152
3521120,Paron,975755.4613375,1895789.17942,0.00018245338914720907
3521130,Kedunggalar,841105.7486375,1200312.3764685178,0.0003015000221666867
3521140,Pitu,917755.7651249999,982933.6219267398,0.0003297634507139919
3521150,Widodaren,878914.4679625,1244486.6475474983,0.000319818110443247
3521160,Mantingan,1212890.0705375,1025008.3204543132,0.0003976909618598388
3521170,Karanganyar,811092.7818374999,1181114.6934542179,0.00026089840689800603
3522010,Margomulyo,957222.7901375,1051300.7665585545,0.0002486224691489788
3522020,Ngraho,797127.35195,1046184.4366440093,0.0002983197672379397
3522030,Tambakrejo,761898.3486,999189.9003743264,0.00018339148953041434
3522040,Ngambon,871640.9427875,919192.803488953,5.72307416849098e-05
3522041,Sekar,821544.9192,724823.1642914712,0.00041021728811078116
3522050,Bubulan,1038601.8133375,625219.4467226833,0.00029581955672426045
3522051,Gondang,873281.759475,648533.5789137511,0.00025208309528329694
3522060,Temayang,763494.8250375,801384.7299948063,0.0002627911478932446
3522070,Sugihwaras,910449.4003,319970.62580136623,0.0006642055328806012
3522080,Kedungadem,870876.182975,227252.13840302525,0.011443836644910386
3522090,Kepoh Baru,1043043.2059,159747.16130793648,0.014159749595590734
3522100,Baureno,1158135.2514125,528982.1559764452,0.0008674536173019781
3522110,Kanor,1034783.7795,422756.6950097517,0.002529002048611227
3522120,Sumberrejo,993701.156275,573546.2414910779,0.00046991397375248915
3522130,Balen,1091288.9958875,305876.714830286,0.004137184072195333
3522140,Sukosewu,940343.7935625,454687.7240373239,0.0010196221887489372
3522150,Kapas,1066312.69445,585480.5255618342,0.0013710458661736421
3522160,Bojonegoro,1551909.648,1004754.7083846868,0.00042401909315223997
3522170,Trucuk,904239.110575,775052.9061679881,0.002152091554613935
3522180,Dander,888413.2256875,108536.98685579438,0.001905289699609896
3522190,Ngasem,787108.5327249999,51238.325027527564,0.0027528345714886507
3522191,Gayam,974145.4951125,722124.1889325348,0.011646832264733219
3522200,Kalitidu,1047442.8816875,811353.6564214986,0.0005078929745835519
3522210,Malo,1034287.9288625,638175.9006134522,0.0007717314047510236
3522220,Purwosari,1085555.700875,1033279.6716395819,0.00016784923205933063
3522230,Padangan,1020603.8513750001,1606765.995055134,0.00016104612287282788
3522240,Kasiman,992660.1190875,1388696.7586418795,0.00015370490145709685
3523010,Kenduruan,810205.5747,1244227.5105312886,0.00013809044796618753
3523020,Bangilan,994897.460725,784259.9871786912,0.0013526400003638418
3523030,Senori,777785.87545,262211.76778314624,0.0042325409877157286
3523040,Singgahan,1210459.1794125,842604.3458832816,0.019340899387482267
3523050,Montong,715006.852,757846.6552251454,0.0006201590623524962
3523060,Parengan,1077896.0430875,648083.9176946646,0.0005545526624094502
3523070,Soko,904408.2276,454951.82236254466,0.0009209308934140538
3523080,Rengel,1185855.2128875,307262.5724014493,0.0024071313818928948
3523081,Grabagan,1100120.4912,1054609.5195349373,9.958089293516772e-05
3523090,Plumpang,1235602.312875,1261434.8974156093,0.0001385262908797989
3523100,Widang,1094672.7364375,949845.5579318684,0.00039722458405415763
3523110,Palang,1215942.6921625,1056513.5527276862,0.00035818342683802416
3523120,Semanding,1209399.789,1310252.2249694169,0.00040090624403654957
3523130,Tuban,1675318.2657875,1479327.9665307603,0.00035711246656565404
3523140,Jenu,1385184.25875,1253846.7960662514,0.000532781812996169
3523150,Merakurak,1290015.6540124998,894028.1576781899,0.0026844201969392096
3523160,Kerek,1037847.1383875001,1172441.4866806413,0.00013635412236864702
3523170,Tambakboyo,1060793.5961625,1045978.0331401479,0.00022811543148488085
3523180,Jatirogo,1005319.4010124999,1316615.9789471473,0.00029544187201924833
3523190,Bancar,820402.9967375001,1167179.5315794724,0.00016986621415054158
3524010,Sukorame,1130549.0437625,1030770.2431520376,6.839345319485314e-05
3524020,Bluluk,1019527.9139125,994846.6858596504,5.787407208177917e-05
3524030,Ngimbang,1009225.3093125001,904441.9713285605,0.00018694183890975689
3524040,Sambeng,968677.922825,750117.9123583816,0.000231820307327799
3524050,Mantup,1296634.15865,942494.1941740065,0.00017763257246223473
3524060,Kembangbahu,1241763.160425,228417.28810556894,0.0015157932729929515
3524070,Sugio,1083577.3908625,-280447.99158015556,0.003223992861902945
3524080,Kedungpring,943292.4707000001,180325.71013116054,0.009692303287286807
3524090,Modo,982310.27795,766077.6585460771,0.0003353277581445155
3524100,Babat,1246897.7022250001,628956.1562267109,0.0014126751756263246
3524110,Pucuk,1271529.6653125,816771.0073195042,0.00034596440311761783
3524120,Sukodadi,1208179.5992875001,1033110.6971692643,0.00046520668759474684
3524130,Lamongan,1531353.239,1982262.409264751,0.00010222761363779105
3524140,Tikung,1166174.8977,1016938.8637183369,0.00019958480896672465
3524141,Sarirejo,1293102.2450124999,798635.8781283882,0.00035340953160615553
3524150,Deket,1223150.5227,1291214.1641786415,0.00016890294629607998
3524160,Glagah,1225397.594175,1675359.3909846775,0.00011987765652386578
3524170,Karangbinangun,1297677.9492000001,1538989.54166626,0.00015279816352531362
3524180,Turi,1127608.376675,1254979.7461042348,0.00026006726699110056
3524190,Kalitengah,1212909.7606625,903940.532521246,0.00020683115910951903
3524200,Karang Geneng,1127575.514375,876717.4188898248,0.0002792132345684597
3524210,Sekaran,1142004.058725,1072631.9597801946,0.00025209239981852197
3524220,Maduran,1406097.2611125,834638.5451083417,0.0003714926561328577
3524230,Laren,1096348.1031125002,779586.0429817188,0.0003154610933823208
3524240,Solokuro,1243705.8864,626130.7200284549,0.0004302725669838911
3524250,Paciran,1195801.5478875,1328236.2678894124,0.00022826698553058094
3524260,Brondong,1229903.5886,1046083.5101446316,0.00036327861378146557
3525010,Wringinanom,1380259.73425,1359834.673390585,0.0002615803772665446
3525020,Driyorejo,2061103.474375,1802860.1602111226,0.00020610295623691444
3525030,Kedamean,1362180.1458,808096.8206487102,0.0003802649589880125
3525040,Menganti,1743022.6915,2442430.0813432448,0.00015404569260699726
3525050,Cerme,1462636.847,1505259.592648583,0.0002155600589495881
3525060,Benjeng,1136112.4055125,891645.3889554632,0.0004746449204306072
3525070,Balongpanggang,1224713.115375,970278.885308323,0.00039950398502388635
3525080,Duduksampeyan,1565230.6919625,897183.2808456249,0.0005924014133673095
3525090,Kebomas,1986016.2995,2502798.0523542743,0.000249698407703846
3525100,Gresik,1748324.30575,3264801.761834417,0.00016888217573940168
3525110,Manyar,1697306.6426249999,2306583.322245584,0.00015742116019541513
3525120,Bungah,1270574.3705,1602166.9276703082,0.00017413381155228822
3525130,Sidayu,1362948.907625,1292254.762678246,0.000239525285280121
3525140,Dukun,1138198.6787,670486.0198188799,0.0007628264737868144
3525150,Panceng,1536058.937,903955.4888286835,0.00046298876743667086
3525160,Ujungpangkah,981388.7071,1605928.2874317332,0.00020307415452137565
3526010,Kamal,1418384.2207,889730.3600504003,0.00029372577115317766
3526020,Labang,653585.7465125,672990.97448838,0.00024361706338949776
3526030,Kwanyar,848014.7485125,742931.6285964648,0.0005533811743093301
3526040,Modung,857255.809725,504655.2694821256,0.0009372369282673185
3526050,Blega,815346.471475,660480.1182262703,0.00847977079614633
3526060,Konang,444875.83376249997,1317129.8246908158,0.0003670090302895627
3526070,Galis,746174.456525,829148.6301798164,0.0004625347700766041
3526080,Tanah Merah,745237.8665875,687457.8912437133,0.0006740469726917766
3526090,Tragah,769003.6240875,803938.4701501752,0.00047847182030204494
3526100,Socah,970439.4917375001,744429.2832148095,0.0006500223773325219
3526110,Bangkalan,1338468.25845,839624.8144045882,0.0004017335340635767
3526120,Burneh,769550.140525,470088.9447074834,0.0003708433151855729
3526130,Arosbaya,726646.8372625,800977.4443992793,0.00013935789543501013
3526140,Geger,666378.193725,1431761.4591901542,0.0001516633848983342
3526150,Kokop,543888.269625,752623.5200746523,0.0005929624424110041
3526160,Tanjungbumi,519607.7184875,743455.8551192854,0.0005315746046559831
3526170,Sepulu,632846.1450875,1263418.5824015802,0.0003650316878259617
3526180,Klampis,947911.0237125,1394473.1984798738,0.0001601004462439407
3527010,Sreseh,763190.8498249999,930969.1522426122,0.00037821626579383633
3527020,Torjun,754511.9774875001,682544.6249841732,0.00054385085718383
3527021,Pangarengan,847484.8230625,962086.8010611876,0.0003298989262472265
3527030,Sampang,794860.540425,1511059.5918418635,0.00019791930777918174
3527040,Camplong,746169.3702,1551305.3255843157,0.00022373636598731753
3527050,Omben,713324.1089125,1520453.2726880668,0.000287098724769315
3527060,Kedungdung,582542.723775,1266692.3019472812,0.00038301150871192734
3527070,Jrengik,782349.3095,1352074.6439327113,0.0002466096789171962
3527080,Tambelangan,758856.65195,1245929.7251496573,0.00023784089728748066
3527090,Banyuates,691038.7669624999,1298000.7950601105,0.00022731907202880598
3527100,Robatal,744003.578675,1320310.283217124,0.00019551891655332002
3527101,Karang Penang,986137.6976750001,1675903.3934083006,0.0001206474290062062
3527110,Ketapang,611451.879375,2120004.52417528,0.00018160685987397954
3527120,Sokobanah,646933.6257625,1635816.1484669303,0.000300350921178242
3528010,Tlanakan,610797.7825625,1128729.9528593693,0.0004065410718015954
3528020,Pademawu,1081650.3485625,1245272.9592548492,0.0003898437052583897
3528030,Galis,992521.8452,1071262.5911794915,0.0004731524361345112
3528040,Larangan,875951.8016125,992338.0889521288,0.0028586245414966563
3528050,Pamekasan,1202052.9847,1992647.1163542191,0.0001535402630390229
3528060,Proppo,851981.422225,854150.9418191888,0.0005655610990536874
3528070,Palengaan,639192.7742250001,458484.4875756271,0.0016369590670992616
3528080,Pegantenan,647104.867225,1190197.756341187,0.0001795650747053387
3528090,Kadur,866806.1735749999,1335319.860392326,0.0001897782968540088
3528100,Pakong,671199.623675,1224979.2796214689,0.00028601266750446076
3528110,Waru,482210.9482125,2258660.5124245756,0.00014753892263587139
3528120,Batu Marmar,750081.1911875,1477497.4678950543,0.00016820660948159292
3528130,Pasean,858952.3722375,843384.8355073717,0.0003862194756908802
3529010,Pragaan,1404910.7307125,1890622.9028827283,0.00018119407401275876
3529020,Bluto,1442110.0357249998,961482.0815105427,0.0004017011898350771
3529030,Saronggi,1226498.1993875,1428237.0989930036,9.501180398892282e-05
3529040,Giligenteng,1074535.10845,1148028.53002731,1.156991515863125e-05
3529050,Talango,1212284.898475,1021848.9733363212,0.00044192716899593145
3529060,Kalianget,1350970.9216125,1099233.0213224697,0.00044680566770168636
3529070,Kota Sumenep,1664679.674,1901157.2398095806,0.00022745669977551391
3529071,Batuan,1426467.8304875,1426467.8304874995,0.0
3529080,Lenteng,1226527.1478625,1119383.972570244,0.00017729411884718048
3529090,Ganding,1322985.1233875,968282.1365156439,0.0002490437533178368
3529100,Guluk Guluk,1217899.6607,356017.837186749,0.0008330150993283018
3529110,Pasongsongan,1089306.654625,353057.575500048,0.0018345291217234099
3529120,Ambunten,1200890.499425,355650.13033469557,0.0029218303075722
3529130,Rubaru,886630.3874,378502.98240265937,0.0008492215616624447
3529140,Dasuk,1029335.68985,1072981.4054809234,0.0005073300516361881
3529150,Manding,1218304.9169625,1493577.3168825405,0.00015474291720217289
3529160,Batuputih,1348250.5705499998,843200.9450169755,0.0003520597879152924
3529170,Gapura,1202599.413475,1222724.542502634,0.00014343909215376027
3529180,Batang Batang,1405889.35595,1335771.2901113369,0.00018738410783508862
3529190,Dungkek,1543951.9723375,1332763.6967151514,0.00011989246837129743
3529200,Nonggunong,1306413.879375,1278454.1660846928,3.2200431467371295e-05
3529210,Gayam,1260299.65265,1928953.091984201,6.768612201568254e-05
3529220,Raas,1007859.4628875,1264346.115328463,0.00022434354665784633
3529230,Sapeken,1236073.8483875,1271018.3954271048,0.0006166634523053381
3529240,Arjasa,1215050.8856374999,2806149.7238490977,6.259807730156902e-05
3529241,Kangayan,1431973.562525,1267230.9216750693,0.00011115315493907447
3529250,Masalembu,1379040.387225,1084196.7407764453,0.0003628558973315211
3571010,Mojoroto,1455392.21025,2462906.283767584,0.00013396213387049135
3571020,Kota,1617692.548,2494436.597817163,0.00015899944327180668
3571030,Pesantren,1187113.4722375,1458273.1796584348,0.0005276255836939155
3572010,Sukorejo,1442819.246375,1936087.9183632056,0.00040055793831466865
3572020,Kepanjenkidul,1386138.391875,1804500.688336736,0.0002725426518510646
3572030,Sananwetan,1578467.2475,1613462.5883878614,0.00018095704426062564
3573010,Kedungkandang,1502823.830375,3357279.4517913,8.074545111438626e-05
3573020,Sukun,1596214.030875,3618948.157793287,9.283858789484887e-05
3573030,Klojen,1680409.33,3161862.541155816,0.000118227111307434
3573040,Blimbing,1793082.885375,3076296.706927661,8.211441946014383e-05
3573050,Lowokwaru,2518856.99375,3855351.478804642,7.765500965765085e-05
3574010,Kademangan,1551606.046375,1157543.8269861082,0.0003487146141500756
3574011,Kedopok,1292779.965375,1288331.498932293,0.00038970577820372304
3574020,Wonoasih,1197233.447625,1175378.6229783534,0.00048538889369342456
3574030,Mayangan,1378942.667875,1783882.225634539,0.00021181530366334533
3574031,Kanigaran,1407619.996875,1811312.134843397,0.00022079610454490704
3575010,Gadingrejo,1356822.809325,1341642.281632391,0.0001795165187312697
3575020,Purworejo,1534752.9707499999,2307739.047625771,0.00010206135970135706
3575030,Bugulkidul,1448434.809375,1355419.6888412489,0.0003058922162995264
3575031,Panggungrejo,1307419.8105875,1518921.3039711462,0.00032157974756927943
3576010,Prajurit Kulon,1300875.383175,1651156.642308822,0.0002801165471272287
3576020,Magersari,1579162.473,2377040.533670953,0.00015649275914314
3576021,Kranggan,1661508.782125,2096167.0423263283,0.00020082834461243376
3577010,Mangu Harjo,1520459.91625,1950980.5485149322,0.000243181246143432
3577020,Taman,1804863.9305,2400224.6573987706,0.00020194389219927906
3577030,Kartoharjo,1857306.863625,1614361.144427738,0.0002148312865259365
3578010,Karang Pilang,2044733.939625,1966903.115769941,0.0002001577679150058
3578020,Jambangan,2729338.82925,2510685.0376774874,7.12874523897273e-05
3578030,Gayungan,4349910.3545,4205086.4850220205,2.1907077952121915e-05
3578040,Wonocolo,2577019.466875,3414716.803332053,7.75100226351856e-05
3578050,Tenggilis Mejoyo,2364745.54025,2886460.986549562,0.00013353357891602167
3578060,Gunung Anyar,2576342.2555,2066925.313326699,0.00017956606607127487
3578070,Rungkut,3157557.93975,3031971.6394096278,7.07793348895067e-05
3578080,Sukolilo,2294933.301625,2862906.2088695704,9.672167863257967e-05
3578090,Mulyorejo,3149954.62925,2521125.6443395186,7.53980236028213e-05
3578100,Gubeng,2737450.82025,2905895.3291776055,7.229932660351263e-05
3578110,Wonokromo,2271275.4998749997,3447423.846350552,7.006844884107457e-05
3578120,Dukuh Pakis,2604418.224875,3022883.2627879786,6.842580449453171e-05
3578130,Wiyung,4360926.86325,2276012.4454861972,8.046294998909293e-05
3578140,Lakarsantri,1830687.395625,1693545.9787020718,7.871683514894547e-05
3578141,Sambikerep,1827237.561375,2149738.4765316667,8.124921342380465e-05
3578150,Tandes,2342356.393875,2248405.555200625,9.190618395999784e-05
3578160,Suko Manunggal,2182250.666125,2047799.439773291,0.00010825665686048956
3578170,Sawahan,1985572.4962499999,1789679.051962037,0.0001352188708630974
3578180,Tegalsari,2289715.0995,1220036.0477995232,0.0003176056950847648
3578190,Genteng,2070527.28825,1481863.5834672276,0.0011355793016475304
3578200,Tambaksari,1637118.432625,3985548.075221644,0.00011993302576392648
3578210,Kenjeran,1411243.278875,2896904.8342441586,6.05148350254126e-05
3578211,Bulak,1770008.415125,1959379.853104446,0.00031251571969039964
3578220,Simokerto,1515695.603875,3412382.174574851,0.00010639246913339472
3578230,Semampir,1404667.139,2304060.2880027774,7.472849658846044e-05
3578240,Pabean Cantian,2336247.3455000003,3039821.7428844003,8.432434959054302e-05
3578250,Bubutan,2099214.262,3021547.2168620327,8.744138365840044e-05
3578260,Krembangan,1630950.231875,2803237.006773942,7.911520302564724e-05
3578270,Asemrowo,1194002.6276250002,906317.4269676097,0.0001190585625470776
3578280,Benowo,2062642.3835,1447395.8852457865,0.0002533601818474168
3578281,Pakal,1842865.67775,1100012.4238341528,0.0005559954564675494
3579010,Batu,1582744.1845,2074927.1113363863,0.0002121770937649783
3579020,Junrejo,1571641.9805,1972853.8286857544,9.68639082388456e-05
3579030,Bumiaji,1301547.31625,1887628.168744294,0.00010285265477721559
